Importance	Feature subspace
0.47545769081105377	relational_features_token
0.20846016814343193	topic_features
0.4474031009799741	keyword_features
0.6511001718643821	relational_features_char
1.7895249829779007	char_features
0.49495707913207615	word_features
0.4577728187026462	pos_features
