mean_fit_time	std_fit_time	mean_score_time	std_score_time	param_n_neighbors	params	split0_test_score	split1_test_score	split2_test_score	mean_test_score	std_test_score	rank_test_score	learner ID
0.03291654586791992	0.002140167408711209	0.892732302347819	0.014254915455572104	2	{'n_neighbors': 2}	0.4	0.11016949152542373	0.4157549234135668	0.3086414716463302	0.14048819540629728	4	Learner_0
0.03817232449849447	0.0023987251759924545	0.9326285521189371	0.0359151636126342	4	{'n_neighbors': 4}	0.41558441558441556	0.4060773480662983	0.4184549356223176	0.4133722330910105	0.005289705849718987	1	Learner_0
0.039689222971598305	0.014747288868155496	0.8675390084584554	0.028948775201570437	8	{'n_neighbors': 8}	0.4192513368983957	0.3965517241379311	0.41800643086816724	0.4112698306348313	0.010419675039609692	2	Learner_0
0.0282742182413737	0.003225388817073406	0.7890451749165853	0.02511365171295756	16	{'n_neighbors': 16}	0.42105263157894735	0.29090909090909095	0.4192513368983958	0.3770710197954781	0.06093012203991642	3	Learner_0
0.03565192222595215	0.0018969511811163838	0.7450722853342692	0.02027787760762566	32	{'n_neighbors': 32}	0.3296089385474861	0.06481481481481483	0.39076376554174064	0.26172917296801385	0.14146006869157823	5	Learner_0
